id;calories_kcal;protein_g;carbs_g;fat_g;workout_type;workout_intensity;source;created_at;profile_id
1;2668;418.46;826.87;564.15;CARDIO_MIX;0.1;meanwhile excepting vengeful;2025-11-29T03:35:49;1
2;4176;283.99;544.51;472.72;UPPER_LOWER;0.81;an on transom;2025-11-29T06:54:51;2
3;1667;287.36;909.25;247.22;FBW;0.1;terraform;2025-11-29T05:37:19;1
4;3647;143.97;456.13;701.45;FBW;0.04;fatally hm;2025-11-28T19:49:59;1
5;3706;109.4;255.82;121.55;PPL;0.96;yippee even;2025-11-28T20:17:38;1
6;2815;208.92;722.23;538.24;FBW;0.2;blond aw behind;2025-11-28T23:51:57;2
7;2217;211.03;523.11;23.07;PPL;0.44;boo;2025-11-28T23:35:20;2
8;682;21.78;887.26;741.43;CARDIO_MIX;0.58;an;2025-11-29T03:16:34;2
9;3247;421.6;879.04;121.67;UPPER_LOWER;0.71;numeric exhaust;2025-11-29T04:59:12;2
10;4918;357.21;543.94;500.8;CARDIO_MIX;0.54;beyond rigidly independence;2025-11-29T17:51:27;2
